<?xml version="1.0" encoding="UTF-8"?>
<project-private xmlns="http://www.netbeans.org/ns/project-private/1">
    <editor-bookmarks xmlns="http://www.netbeans.org/ns/editor-bookmarks/2" lastBookmarkId="0"/>
    <open-files xmlns="http://www.netbeans.org/ns/projectui-open-files/2">
        <group>
            <file>file:/C:/Users/Mihreteab/Documents/NetBeansProjects/JavaProject/web/index.jsp</file>
            <file>file:/C:/Users/Mihreteab/Documents/NetBeansProjects/JavaProject/web/viewTeacher.jsp</file>
            <file>file:/C:/Users/Mihreteab/Documents/NetBeansProjects/JavaProject/web/editTeacher.jsp</file>
            <file>file:/C:/Users/Mihreteab/Documents/NetBeansProjects/JavaProject/web/editStudent.jsp</file>
            <file>file:/C:/Users/Mihreteab/Documents/NetBeansProjects/JavaProject/web/removeStudent.jsp</file>
            <file>file:/C:/Users/Mihreteab/Documents/NetBeansProjects/JavaProject/web/removeTeacher.jsp</file>
            <file>file:/C:/Users/Mihreteab/Documents/NetBeansProjects/JavaProject/web/addTeacher.jsp</file>
            <file>file:/C:/Users/Mihreteab/Documents/NetBeansProjects/JavaProject/web/viewStudent.jsp</file>
            <file>file:/C:/Users/Mihreteab/Documents/NetBeansProjects/JavaProject/web/addStudent.jsp</file>
        </group>
    </open-files>
</project-private>
